{
  "Naive (baseline)": {
    "type_a": {
      "P@1": 0.35333333333333333,
      "P@3": 0.20666666666666667,
      "P@5": 0.1706666666666667,
      "P@10": 0.11533333333333334,
      "R@1": 0.30066225749559083,
      "R@3": 0.46795941241993877,
      "R@5": 0.6307988953866147,
      "R@10": 0.7679787431541818,
      "MRR": 0.4851613756613757,
      "NDCG@10": 0.5476006553816121
    },
    "type_b": {
      "P@1": 0.3566666666666667,
      "P@3": 0.22888888888888886,
      "P@5": 0.184,
      "P@10": 0.12966666666666665,
      "R@1": 0.28910524321602526,
      "R@3": 0.48565344225223583,
      "R@5": 0.6001723280620507,
      "R@10": 0.7400729169936667,
      "MRR": 0.48613227513227514,
      "NDCG@10": 0.5441508806197002
    }
  },
  "Pre-embed injection (ours)": {
    "type_a": {
      "P@1": 0.35333333333333333,
      "P@3": 0.20666666666666667,
      "P@5": 0.17,
      "P@10": 0.11566666666666668,
      "R@1": 0.30066225749559083,
      "R@3": 0.46795941241993877,
      "R@5": 0.6274655620532814,
      "R@10": 0.7713120764875151,
      "MRR": 0.484925925925926,
      "NDCG@10": 0.5480056551376513
    },
    "type_b": {
      "P@1": 0.51,
      "P@3": 0.30222222222222217,
      "P@5": 0.22933333333333333,
      "P@10": 0.15266666666666667,
      "R@1": 0.41814946836222416,
      "R@3": 0.6682345956762685,
      "R@5": 0.7793204537173863,
      "R@10": 0.8965157323647446,
      "MRR": 0.656223544973545,
      "NDCG@10": 0.7072373917302895
    }
  }
}